neigbourhoods;trees/hab
9;0.213092
11;0.19651
10;0.19614
12;0.181199
15;0.162185
4;0.135102
13;0.119806
7;0.106229
14;0.098752
8;0.0962878
6;0.0842452
5;0.0813426
3;0.0690352
1;0.0500102
2;0.0475579
